id,first_name,last_name,email,gender
1,Carlo,Porcher,cporcher0@cisco.com,Male
2,Leighton,Duny,lduny1@fc2.com,Male
3,Francisca,Zecchinelli,fzecchinelli2@google.cn,Female
4,Esther,Lillgard,elillgard3@hubpages.com,Female
5,Terrill,Fraulo,tfraulo4@devhub.com,Male
6,Katrine,Toffel,ktoffel5@usa.gov,Female
7,Jorie,Dinnington,jdinnington6@ihg.com,Female
8,Lindsey,Strutley,lstrutley7@netvibes.com,Female
9,Goraud,Campaigne,gcampaigne8@amazonaws.com,Male
10,Berty,Gorrick,bgorrick9@lycos.com,Male
11,Erika,Iveagh,eiveagha@blogtalkradio.com,Female
12,Ilse,Waliszewski,iwaliszewskib@about.me,Female
13,Terza,Lummasana,tlummasanac@hostgator.com,Female
14,Rob,Jennrich,rjennrichd@webnode.com,Male
15,Dennison,Caro,dcaroe@google.nl,Male
16,Merrick,Camps,mcampsf@bigcartel.com,Male
17,Fulvia,Latchmore,flatchmoreg@networksolutions.com,Female
18,Wain,Matiasek,wmatiasekh@narod.ru,Male
19,Elenore,Ivakhin,eivakhini@gnu.org,Female
20,Riannon,Chamney,rchamneyj@omniture.com,Female
21,Cristin,Scarman,cscarmank@netvibes.com,Female
22,Mavis,Di Carli,mdicarlil@washingtonpost.com,Female
23,Dallas,McHugh,dmchughm@bigcartel.com,Male
24,Jourdan,Skeen,jskeenn@foxnews.com,Female
25,Glad,Du Pre,gdupreo@clickbank.net,Female
26,Johan,Faulconbridge,jfaulconbridgep@furl.net,Male
27,Melamie,Gile,mgileq@webeden.co.uk,Female
28,Danya,Nias,dniasr@noaa.gov,Male
29,Nancey,Ingon,ningons@ed.gov,Female
30,Sheree,Bartholomieu,sbartholomieut@rakuten.co.jp,Female
31,Sheffie,Dayly,sdaylyu@is.gd,Male
32,Malachi,Girvan,mgirvanv@blinklist.com,Male
33,Fonsie,Caston,fcastonw@php.net,Male
34,Bobbie,Harcombe,bharcombex@phpbb.com,Male
35,Liva,Andrea,landreay@google.nl,Female
36,Griffith,De'Vere - Hunt,gdeverehuntz@opensource.org,Male
37,Guthrey,Fforde,gfforde10@loc.gov,Male
38,Dominik,Croce,dcroce11@ed.gov,Male
39,Tremayne,Brogi,tbrogi12@forbes.com,Male
40,Pegeen,Chittie,pchittie13@fastcompany.com,Female
41,Donavon,Goatman,dgoatman14@forbes.com,Male
42,Joycelin,McFeat,jmcfeat15@google.co.jp,Female
43,Horace,Truckett,htruckett16@uol.com.br,Male
44,Egan,Raubenheim,eraubenheim17@ehow.com,Male
45,Laney,Loughead,lloughead18@comcast.net,Male
46,Mignon,Rogez,mrogez19@msu.edu,Female
47,Frans,Gumery,fgumery1a@xinhuanet.com,Male
48,Mead,Palumbo,mpalumbo1b@reverbnation.com,Male
49,Alie,Koeppe,akoeppe1c@deliciousdays.com,Female
50,Nettle,Gummie,ngummie1d@tinypic.com,Female
51,Isahella,Adriaan,iadriaan1e@techcrunch.com,Female
52,Wiley,Liven,wliven1f@apple.com,Male
53,Minne,Vossgen,mvossgen1g@samsung.com,Female
54,Jaclyn,Trevallion,jtrevallion1h@bbc.co.uk,Female
55,Antoine,Shillom,ashillom1i@angelfire.com,Male
56,Kelley,Petruszka,kpetruszka1j@goo.ne.jp,Male
57,Klaus,Dorrity,kdorrity1k@wikia.com,Male
58,Myca,Rapi,mrapi1l@stanford.edu,Male
59,Hebert,Moatt,hmoatt1m@mapy.cz,Male
60,Sofie,Eadmeads,seadmeads1n@usatoday.com,Female
61,Bettye,Arnull,barnull1o@marriott.com,Female
62,Nanette,Grigoli,ngrigoli1p@umich.edu,Female
63,Greer,Botten,gbotten1q@unicef.org,Female
64,Karlyn,Bierton,kbierton1r@1688.com,Female
65,Worden,Duffrie,wduffrie1s@hibu.com,Male
66,Stanton,Hamsher,shamsher1t@nsw.gov.au,Male
67,Iain,Jimes,ijimes1u@icio.us,Male
68,Clark,Furmage,cfurmage1v@squidoo.com,Male
69,Albert,Fontelles,afontelles1w@eventbrite.com,Male
70,Osborne,Nevison,onevison1x@techcrunch.com,Male
71,Israel,Benzie,ibenzie1y@clickbank.net,Male
72,Cletus,Bendare,cbendare1z@reddit.com,Male
73,Kevon,Duncan,kduncan20@pcworld.com,Male
74,Delmer,Sirmond,dsirmond21@dmoz.org,Male
75,Fanny,Ostler,fostler22@lulu.com,Female
76,Goddard,Simko,gsimko23@ftc.gov,Male
77,Dedra,Collumbine,dcollumbine24@wired.com,Female
78,Nerti,Vasyuchov,nvasyuchov25@cam.ac.uk,Female
79,Barney,Genders,bgenders26@ed.gov,Male
80,Audrie,Swait,aswait27@nationalgeographic.com,Female
81,Eilis,Castagnone,ecastagnone28@ovh.net,Female
82,Katharyn,MacGibbon,kmacgibbon29@wisc.edu,Female
83,Julie,Orpyne,jorpyne2a@istockphoto.com,Male
84,Marji,Jacobson,mjacobson2b@de.vu,Female
85,Horton,Celez,hcelez2c@ameblo.jp,Male
86,Paddy,Grassett,pgrassett2d@plala.or.jp,Male
87,Danice,Croot,dcroot2e@vkontakte.ru,Female
88,Randall,Davers,rdavers2f@prnewswire.com,Male
89,Melamie,Rozzell,mrozzell2g@furl.net,Female
90,Netty,Fuentez,nfuentez2h@redcross.org,Female
91,Mollee,Tebb,mtebb2i@elegantthemes.com,Female
92,Tess,Howles,thowles2j@vk.com,Female
93,Brietta,Purdon,bpurdon2k@comsenz.com,Female
94,Paola,Wainwright,pwainwright2l@istockphoto.com,Female
95,Anderea,Twyford,atwyford2m@google.fr,Female
96,Herman,Tysall,htysall2n@rakuten.co.jp,Male
97,Mozes,Lansbury,mlansbury2o@time.com,Male
98,Enrique,Armitage,earmitage2p@state.gov,Male
99,Hurlee,Finkle,hfinkle2q@youtube.com,Male
100,Foss,Powdrill,fpowdrill2r@fotki.com,Male
101,Selle,Waddam,swaddam2s@vk.com,Female
102,Carmine,Carnie,ccarnie2t@de.vu,Male
103,Thorndike,Willishire,twillishire2u@ameblo.jp,Male
104,Druci,Donwell,ddonwell2v@so-net.ne.jp,Female
105,Tabitha,Haycox,thaycox2w@fastcompany.com,Female
106,Farley,Jakubowicz,fjakubowicz2x@biblegateway.com,Male
107,Garvin,Vittle,gvittle2y@bloglovin.com,Male
108,Margarethe,Gallimore,mgallimore2z@myspace.com,Female
109,Hunfredo,Anthona,hanthona30@irs.gov,Male
110,Munmro,Carter,mcarter31@hc360.com,Male
111,Shelby,Salazar,ssalazar32@aol.com,Female
112,Laraine,Caldecot,lcaldecot33@tripod.com,Female
113,Konrad,Peak,kpeak34@rambler.ru,Male
114,Luke,Kubicka,lkubicka35@xing.com,Male
115,Marsiella,Bugler,mbugler36@webmd.com,Female
116,Mariele,Claque,mclaque37@ask.com,Female
117,Robinetta,Trulock,rtrulock38@globo.com,Female
118,Cob,De Ruggiero,cderuggiero39@loc.gov,Male
119,Olympie,Wretham,owretham3a@soup.io,Female
120,Merissa,Natwick,mnatwick3b@godaddy.com,Female
121,Livvie,Gowrie,lgowrie3c@omniture.com,Female
122,Julee,Navarijo,jnavarijo3d@wordpress.com,Female
123,Alvie,Misson,amisson3e@hibu.com,Male
124,Kelsi,Arndt,karndt3f@icq.com,Female
125,Joellyn,Delph,jdelph3g@sogou.com,Female
126,Lily,Brownbill,lbrownbill3h@mac.com,Female
127,Fredrick,Frichley,ffrichley3i@sina.com.cn,Male
128,Dare,Karlolczak,dkarlolczak3j@indiegogo.com,Male
129,Arabel,Haycock,ahaycock3k@patch.com,Female
130,Cecil,Lauchlan,clauchlan3l@meetup.com,Female
131,Lauretta,Metcalfe,lmetcalfe3m@hostgator.com,Female
132,Ainslie,Shilito,ashilito3n@hhs.gov,Female
133,Jermain,Wanklin,jwanklin3o@cnet.com,Male
134,Kirsten,Dallon,kdallon3p@engadget.com,Female
135,Paulo,Mordon,pmordon3q@seesaa.net,Male
136,Rey,Royal,rroyal3r@tumblr.com,Male
137,Goldina,Chaddock,gchaddock3s@technorati.com,Female
138,Margot,Blackshaw,mblackshaw3t@dedecms.com,Female
139,Jacklyn,Pawelec,jpawelec3u@bloomberg.com,Female
140,Janifer,Rushbrooke,jrushbrooke3v@nyu.edu,Female
141,Lovell,Baison,lbaison3w@imgur.com,Male
142,Claire,Pellamonuten,cpellamonuten3x@ycombinator.com,Male
143,Ned,Pyne,npyne3y@behance.net,Male
144,Thorpe,Gatheridge,tgatheridge3z@51.la,Male
145,Lishe,O' Meara,lomeara40@over-blog.com,Female
146,Ashia,Gussie,agussie41@meetup.com,Female
147,Margery,McTeague,mmcteague42@bluehost.com,Female
148,Rose,Bulger,rbulger43@dot.gov,Female
149,Tamqrah,Bloore,tbloore44@dell.com,Female
150,Zacharias,Willoway,zwilloway45@auda.org.au,Male
151,Correy,Wickman,cwickman46@yahoo.com,Male
152,Waldemar,Purle,wpurle47@bbb.org,Male
153,Trstram,McCuis,tmccuis48@usa.gov,Male
154,Lily,Gauld,lgauld49@kickstarter.com,Female
155,Francisca,Coare,fcoare4a@wikia.com,Female
156,Baldwin,Dighton,bdighton4b@usa.gov,Male
157,Stanford,Eplate,seplate4c@com.com,Male
158,Lisa,Phythian,lphythian4d@alibaba.com,Female
159,Merrill,Hann,mhann4e@meetup.com,Female
160,Mirella,Verrico,mverrico4f@mysql.com,Female
161,Suki,Anders,sanders4g@redcross.org,Female
162,Madelin,Pinwill,mpinwill4h@soundcloud.com,Female
163,Jemmy,Tunnow,jtunnow4i@prlog.org,Female
164,Miguelita,Adam,madam4j@fda.gov,Female
165,Sianna,Robinet,srobinet4k@admin.ch,Female
166,Sigismund,Petrak,spetrak4l@columbia.edu,Male
167,Victoria,Swett,vswett4m@imageshack.us,Female
168,Sadie,Brumwell,sbrumwell4n@so-net.ne.jp,Female
169,Thain,Shilvock,tshilvock4o@ezinearticles.com,Male
170,Bennett,Calvert,bcalvert4p@php.net,Male
171,Ernestine,Broseke,ebroseke4q@cdc.gov,Female
172,Hannie,Jedrzejewski,hjedrzejewski4r@artisteer.com,Female
173,Dido,Kingsnod,dkingsnod4s@wired.com,Female
174,Cort,Dayne,cdayne4t@friendfeed.com,Male
175,Carlyle,Sayes,csayes4u@bandcamp.com,Male
176,Carena,Peter,cpeter4v@prweb.com,Female
177,Urson,Woloschin,uwoloschin4w@4shared.com,Male
178,Orly,Malim,omalim4x@fotki.com,Female
179,Gallard,Reck,greck4y@studiopress.com,Male
180,Leslie,Blondell,lblondell4z@businesswire.com,Male
181,Wat,Kennaway,wkennaway50@sogou.com,Male
182,Iain,Yurikov,iyurikov51@imageshack.us,Male
183,Ettore,Morphet,emorphet52@fema.gov,Male
184,Rafaello,Sanford,rsanford53@xrea.com,Male
185,Laura,Hucknall,lhucknall54@sciencedirect.com,Female
186,Georgi,Elles,gelles55@goo.ne.jp,Male
187,Stanfield,Robberecht,srobberecht56@oakley.com,Male
188,Bengt,Barten,bbarten57@census.gov,Male
189,Emelda,Connichie,econnichie58@earthlink.net,Female
190,Roxine,Anear,ranear59@yellowpages.com,Female
191,Paola,Hendin,phendin5a@purevolume.com,Female
192,Ronnie,Baruch,rbaruch5b@biblegateway.com,Male
193,Elden,Pettiward,epettiward5c@skype.com,Male
194,Matias,Picott,mpicott5d@usgs.gov,Male
195,Phil,Richley,prichley5e@wikipedia.org,Male
196,Bruno,Solway,bsolway5f@alibaba.com,Male
197,Davy,Ioselevich,dioselevich5g@yahoo.com,Male
198,Susann,Lamey,slamey5h@fc2.com,Female
199,Chester,Brigge,cbrigge5i@ox.ac.uk,Male
200,Karrie,Gerge,kgerge5j@elegantthemes.com,Female
201,Jeffrey,Renak,jrenak5k@time.com,Male
202,Patience,Ensor,pensor5l@craigslist.org,Female
203,Barbi,Snowsill,bsnowsill5m@php.net,Female
204,Meridel,Tomlett,mtomlett5n@engadget.com,Female
205,Mendel,Garrow,mgarrow5o@uiuc.edu,Male
206,Madlin,Truelock,mtruelock5p@gizmodo.com,Female
207,Sven,Torbett,storbett5q@a8.net,Male
208,Durante,Bosomworth,dbosomworth5r@networksolutions.com,Male
209,Erastus,Thews,ethews5s@chronoengine.com,Male
210,Daryn,Greatland,dgreatland5t@wikia.com,Female
211,Cloe,Poznan,cpoznan5u@qq.com,Female
212,Traver,Moorhouse,tmoorhouse5v@yale.edu,Male
213,Trudi,Yeats,tyeats5w@woothemes.com,Female
214,Abra,Simonds,asimonds5x@state.tx.us,Female
215,Marilee,Ahearne,mahearne5y@youtube.com,Female
216,Olivette,Duding,oduding5z@soup.io,Female
217,Sarge,Guerry,sguerry60@simplemachines.org,Male
218,Harland,Solly,hsolly61@privacy.gov.au,Male
219,Kendall,Billborough,kbillborough62@google.com.br,Male
220,Jorgan,Tennock,jtennock63@nytimes.com,Male
221,Robbie,Merry,rmerry64@tinypic.com,Male
222,Ced,Chilton,cchilton65@wsj.com,Male
223,Elora,Ashcroft,eashcroft66@tuttocitta.it,Female
224,Ainslee,Bumphrey,abumphrey67@house.gov,Female
225,Tally,Kloss,tkloss68@netscape.com,Male
226,Elsa,Elmer,eelmer69@tripadvisor.com,Female
227,Jermaine,Amys,jamys6a@china.com.cn,Male
228,Cookie,Reucastle,creucastle6b@redcross.org,Female
229,Sapphire,Kilbee,skilbee6c@apache.org,Female
230,Remus,Dearell,rdearell6d@bbc.co.uk,Male
231,Preston,Shenton,pshenton6e@yahoo.com,Male
232,Leeanne,Scholler,lscholler6f@wordpress.com,Female
233,Quintus,Stollman,qstollman6g@marketwatch.com,Male
234,Rosalinde,Dalla,rdalla6h@sciencedirect.com,Female
235,Abelard,Dalmon,adalmon6i@spotify.com,Male
236,Violante,Gresch,vgresch6j@elegantthemes.com,Female
237,Luciano,Brewer,lbrewer6k@merriam-webster.com,Male
238,Perceval,Farnorth,pfarnorth6l@google.co.jp,Male
239,Tobe,Perse,tperse6m@tripod.com,Male
240,Iggie,Ashall,iashall6n@free.fr,Male
241,Ariana,Jaime,ajaime6o@nps.gov,Female
242,Genevra,Wheeliker,gwheeliker6p@pbs.org,Female
243,Hermon,Crome,hcrome6q@prlog.org,Male
244,Tymon,Corzon,tcorzon6r@hhs.gov,Male
245,Kary,Frankis,kfrankis6s@163.com,Female
246,Alexi,Gerlack,agerlack6t@guardian.co.uk,Female
247,Carina,Orlton,corlton6u@sfgate.com,Female
248,Stella,Tupie,stupie6v@posterous.com,Female
249,Bobbee,Francombe,bfrancombe6w@google.fr,Female
250,Andreana,Beese,abeese6x@wix.com,Female
251,Denny,Carson,dcarson6y@a8.net,Female
252,Richy,Alsford,ralsford6z@symantec.com,Male
253,Astra,Littleton,alittleton70@sina.com.cn,Female
254,Kari,Woolard,kwoolard71@pen.io,Female
255,Pauly,Wellesley,pwellesley72@hugedomains.com,Female
256,Tiffani,Klulik,tklulik73@dion.ne.jp,Female
257,Tull,Kondratyuk,tkondratyuk74@xinhuanet.com,Male
258,Brandais,Bartalin,bbartalin75@google.com,Female
259,Andee,McCuish,amccuish76@oakley.com,Female
260,Corie,Cantopher,ccantopher77@paginegialle.it,Female
261,Reilly,Beavan,rbeavan78@weebly.com,Male
262,Raffaello,Mackie,rmackie79@typepad.com,Male
263,Chere,Chatres,cchatres7a@sfgate.com,Female
264,Tiff,Cotes,tcotes7b@e-recht24.de,Female
265,Lauree,MacDowall,lmacdowall7c@fotki.com,Female
266,Isahella,Batten,ibatten7d@icq.com,Female
267,Stephie,Crittal,scrittal7e@webeden.co.uk,Female
268,Julissa,Rubartelli,jrubartelli7f@yellowbook.com,Female
269,Larissa,Bernli,lbernli7g@uol.com.br,Female
270,Joscelin,O'Teague,joteague7h@people.com.cn,Female
271,Trumaine,Crockatt,tcrockatt7i@facebook.com,Male
272,Tate,Minghella,tminghella7j@stumbleupon.com,Female
273,Ivar,Stocken,istocken7k@sogou.com,Male
274,Rollins,Shergill,rshergill7l@addthis.com,Male
275,Lindy,Blazejewski,lblazejewski7m@archive.org,Male
276,Elisha,Saunder,esaunder7n@mac.com,Male
277,Zenia,Wassell,zwassell7o@hp.com,Female
278,Twyla,Rosone,trosone7p@census.gov,Female
279,Adrianna,Espadate,aespadate7q@foxnews.com,Female
280,Malvin,Bridal,mbridal7r@last.fm,Male
281,Sampson,Probert,sprobert7s@guardian.co.uk,Male
282,Obie,Gudgion,ogudgion7t@va.gov,Male
283,Gram,Caren,gcaren7u@cmu.edu,Male
284,Ethelyn,Serfati,eserfati7v@lulu.com,Female
285,Waylan,Burgwyn,wburgwyn7w@networkadvertising.org,Male
286,Frasier,Freeborn,ffreeborn7x@gizmodo.com,Male
287,Alfonse,Domoni,adomoni7y@mediafire.com,Male
288,Gail,Holburn,gholburn7z@netvibes.com,Male
289,Jessika,Mainston,jmainston80@kickstarter.com,Female
290,Editha,Coulling,ecoulling81@wiley.com,Female
291,Neille,Lowndsborough,nlowndsborough82@themeforest.net,Female
292,Aubrey,Likly,alikly83@shutterfly.com,Male
293,Gerda,Staveley,gstaveley84@ycombinator.com,Female
294,Muire,Odgers,modgers85@reddit.com,Female
295,Cammy,Skinley,cskinley86@stumbleupon.com,Male
296,Gianna,Byfford,gbyfford87@gov.uk,Female
297,Harlin,Boldra,hboldra88@cnet.com,Male
298,Tomlin,Vousden,tvousden89@wordpress.org,Male
299,Findley,Wissbey,fwissbey8a@networksolutions.com,Male
300,Lorrin,Collidge,lcollidge8b@e-recht24.de,Female
301,Lewie,Cabral,lcabral8c@disqus.com,Male
302,Brady,Folds,bfolds8d@dailymotion.com,Male
303,Heidi,Spore,hspore8e@fastcompany.com,Female
304,Peggy,Juliff,pjuliff8f@yellowbook.com,Female
305,Alysa,Brunstan,abrunstan8g@vimeo.com,Female
306,Stefa,Barfield,sbarfield8h@foxnews.com,Female
307,Mead,Southworth,msouthworth8i@nih.gov,Female
308,Luigi,Whittles,lwhittles8j@php.net,Male
309,Ravid,Joburn,rjoburn8k@telegraph.co.uk,Male
310,Audre,Hobden,ahobden8l@ocn.ne.jp,Female
311,Madison,McElwee,mmcelwee8m@imgur.com,Male
312,Kenn,Moggie,kmoggie8n@123-reg.co.uk,Male
313,Cchaddie,Thebes,cthebes8o@themeforest.net,Male
314,Madelin,Walford,mwalford8p@nba.com,Female
315,Catlin,Ricardou,cricardou8q@skyrock.com,Female
316,Cecily,Mainz,cmainz8r@t.co,Female
317,Cordie,Egentan,cegentan8s@multiply.com,Male
318,Jemie,Gert,jgert8t@acquirethisname.com,Female
319,Dorthy,Devereux,ddevereux8u@chicagotribune.com,Female
320,Mariya,Vanyukhin,mvanyukhin8v@nytimes.com,Female
321,Ardys,Guisler,aguisler8w@wiley.com,Female
322,Kelila,Grimmer,kgrimmer8x@wordpress.org,Female
323,Che,Chastenet,cchastenet8y@hc360.com,Male
324,Gianina,Bonnick,gbonnick8z@telegraph.co.uk,Female
325,Massimiliano,Pettendrich,mpettendrich90@elpais.com,Male
326,Othello,Crayden,ocrayden91@opensource.org,Male
327,Olly,Jerram,ojerram92@people.com.cn,Male
328,Caspar,MacCoughen,cmaccoughen93@digg.com,Male
329,Rhonda,McCrudden,rmccrudden94@youku.com,Female
330,Evvie,Absolom,eabsolom95@aol.com,Female
331,Melisenda,Pickles,mpickles96@census.gov,Female
332,Kristyn,Gaylard,kgaylard97@go.com,Female
333,Stavros,Ballinghall,sballinghall98@blogger.com,Male
334,Wilbur,Beavors,wbeavors99@japanpost.jp,Male
335,Alyssa,Rowlson,arowlson9a@dyndns.org,Female
336,Kristoforo,MacMurray,kmacmurray9b@networkadvertising.org,Male
337,Bathsheba,Dunrige,bdunrige9c@webnode.com,Female
338,Carr,Whitsey,cwhitsey9d@zdnet.com,Male
339,Dulcy,Hearley,dhearley9e@hibu.com,Female
340,Gert,Jubert,gjubert9f@flickr.com,Female
341,Justina,Nolot,jnolot9g@quantcast.com,Female
342,Cheri,Scudamore,cscudamore9h@drupal.org,Female
343,Randal,McQuorkel,rmcquorkel9i@webeden.co.uk,Male
344,Marcille,Arlt,marlt9j@blogspot.com,Female
345,Ivan,Norcutt,inorcutt9k@newsvine.com,Male
346,Deane,Morman,dmorman9l@tripadvisor.com,Male
347,Theo,Parmby,tparmby9m@t.co,Male
348,Cynde,Knowlton,cknowlton9n@mediafire.com,Female
349,Boy,Woolbrook,bwoolbrook9o@drupal.org,Male
350,Carmita,Prantl,cprantl9p@dailymail.co.uk,Female
351,Tildy,Napton,tnapton9q@trellian.com,Female
352,Erie,McDermid,emcdermid9r@time.com,Male
353,Marisa,Gigg,mgigg9s@feedburner.com,Female
354,Benedick,Leverette,bleverette9t@globo.com,Male
355,April,Marczyk,amarczyk9u@google.fr,Female
356,Nolan,Van Dalen,nvandalen9v@statcounter.com,Male
357,Cristobal,Kenan,ckenan9w@myspace.com,Male
358,Sasha,Cockell,scockell9x@sciencedirect.com,Female
359,Fidelity,McLagain,fmclagain9y@issuu.com,Female
360,Giusto,Kaplin,gkaplin9z@biglobe.ne.jp,Male
361,Zsa zsa,Hatherleigh,zhatherleigha0@youtube.com,Female
362,Leonie,Sillick,lsillicka1@merriam-webster.com,Female
363,Chucho,Chennells,cchennellsa2@rakuten.co.jp,Male
364,Constantino,Chessel,cchessela3@timesonline.co.uk,Male
365,Carol,Lecointe,clecointea4@seattletimes.com,Female
366,Mag,Harriss,mharrissa5@tmall.com,Female
367,Welby,Rapin,wrapina6@loc.gov,Male
368,Gus,McKea,gmckeaa7@multiply.com,Male
369,Goldie,Whereat,gwhereata8@icq.com,Female
370,Nevins,Van Dijk,nvandijka9@squarespace.com,Male
371,Arabella,Fourman,afourmanaa@oaic.gov.au,Female
372,Gussie,Denham,gdenhamab@forbes.com,Female
373,Phillida,Bendley,pbendleyac@google.pl,Female
374,Hailee,Bletso,hbletsoad@economist.com,Female
375,Sherye,Gallaccio,sgallaccioae@infoseek.co.jp,Female
376,Quint,MacSharry,qmacsharryaf@constantcontact.com,Male
377,Leshia,Caizley,lcaizleyag@chron.com,Female
378,Edeline,Noell,enoellah@mtv.com,Female
379,Clea,Boij,cboijai@census.gov,Female
380,Georgia,Whitfield,gwhitfieldaj@tripadvisor.com,Female
381,Elisha,Clayhill,eclayhillak@arstechnica.com,Male
382,Herold,Vaneev,hvaneeval@friendfeed.com,Male
383,Petronia,Avrahamov,pavrahamovam@fc2.com,Female
384,Dew,Auchinleck,dauchinleckan@altervista.org,Male
385,Dorie,Caulfield,dcaulfieldao@fastcompany.com,Male
386,Deane,Davydychev,ddavydychevap@nih.gov,Male
387,Lemuel,Zarfai,lzarfaiaq@arstechnica.com,Male
388,Carney,Ridsdell,cridsdellar@nsw.gov.au,Male
389,Marris,Peche,mpecheas@ucsd.edu,Female
390,Stan,Cumesky,scumeskyat@archive.org,Male
391,Rosanne,Del Checolo,rdelchecoloau@cargocollective.com,Female
392,Ericha,Spillard,espillardav@list-manage.com,Female
393,Basilio,Aldrin,baldrinaw@google.it,Male
394,Ravi,Tomkys,rtomkysax@hatena.ne.jp,Male
395,Dyna,Domel,ddomelay@sina.com.cn,Female
396,Carlyle,Falco,cfalcoaz@aboutads.info,Male
397,Godfree,Kurt,gkurtb0@weebly.com,Male
398,Cristi,Jochens,cjochensb1@spotify.com,Female
399,Percy,Cumbes,pcumbesb2@shinystat.com,Male
400,Free,Glison,fglisonb3@spiegel.de,Male
401,Curtice,Seekings,cseekingsb4@arizona.edu,Male
402,Natalina,Ackerley,nackerleyb5@webs.com,Female
403,Henrie,Pook,hpookb6@imdb.com,Female
404,Rene,Taplow,rtaplowb7@dailymail.co.uk,Male
405,Fidela,Koopman,fkoopmanb8@shutterfly.com,Female
406,Jayson,Laugherane,jlaugheraneb9@wired.com,Male
407,Garreth,Mangham,gmanghamba@odnoklassniki.ru,Male
408,Randee,Swanger,rswangerbb@shinystat.com,Female
409,Kenny,Catherick,kcatherickbc@toplist.cz,Male
410,Karisa,Wittier,kwittierbd@earthlink.net,Female
411,Gloriane,Playhill,gplayhillbe@plala.or.jp,Female
412,Cathee,Bloxham,cbloxhambf@prnewswire.com,Female
413,Karoline,Coat,kcoatbg@google.cn,Female
414,Fonz,Kalberer,fkalbererbh@mac.com,Male
415,Haskell,Gosnall,hgosnallbi@youtu.be,Male
416,Walsh,Marfe,wmarfebj@google.nl,Male
417,Wini,Tourot,wtourotbk@seesaa.net,Female
418,Hermie,Norcross,hnorcrossbl@istockphoto.com,Male
419,Florry,Imort,fimortbm@newsvine.com,Female
420,Cathyleen,Gatherer,cgathererbn@cbc.ca,Female
421,Tymon,Godbert,tgodbertbo@whitehouse.gov,Male
422,Olive,Dumini,oduminibp@hao123.com,Female
423,Roley,Ventum,rventumbq@boston.com,Male
424,Johnna,Dole,jdolebr@nhs.uk,Female
425,Lottie,Medgewick,lmedgewickbs@eventbrite.com,Female
426,Korey,Aldwinckle,kaldwincklebt@naver.com,Male
427,Hyman,Brittles,hbrittlesbu@chronoengine.com,Male
428,Jed,Kobpac,jkobpacbv@walmart.com,Male
429,Hulda,Pople,hpoplebw@hostgator.com,Female
430,Elinor,Gulley,egulleybx@weibo.com,Female
431,Nolie,Hounsham,nhounshamby@hc360.com,Female
432,Cariotta,Wind,cwindbz@washington.edu,Female
433,Yehudit,Glasheen,yglasheenc0@php.net,Male
434,Michal,Abramof,mabramofc1@noaa.gov,Female
435,Beale,Heinel,bheinelc2@comsenz.com,Male
436,Kellina,Perche,kperchec3@delicious.com,Female
437,Kore,Harlett,kharlettc4@zdnet.com,Female
438,Kris,Penright,kpenrightc5@qq.com,Female
439,Douglas,Harker,dharkerc6@meetup.com,Male
440,Gustav,MacNeice,gmacneicec7@adobe.com,Male
441,Kiley,Dowrey,kdowreyc8@wikimedia.org,Male
442,Twila,Gibbeson,tgibbesonc9@webeden.co.uk,Female
443,Gran,Seiler,gseilerca@fema.gov,Male
444,Merilyn,Crittal,mcrittalcb@netvibes.com,Female
445,Costa,Getty,cgettycc@noaa.gov,Male
446,Vinson,Averill,vaverillcd@vistaprint.com,Male
447,Dorella,O'Carmody,docarmodyce@zdnet.com,Female
448,Arny,Quinnet,aquinnetcf@topsy.com,Male
449,Cletus,Meeland,cmeelandcg@multiply.com,Male
450,Brewster,Pitrasso,bpitrassoch@squarespace.com,Male
451,Adrian,Alentyev,aalentyevci@bizjournals.com,Female
452,Elyssa,Poser,eposercj@bigcartel.com,Female
453,Alyss,Paroni,aparonick@fema.gov,Female
454,Luce,Walesby,lwalesbycl@amazon.de,Female
455,Hynda,Winnett,hwinnettcm@livejournal.com,Female
456,Leroy,Becerra,lbecerracn@vk.com,Male
457,Latrena,Vannah,lvannahco@arstechnica.com,Female
458,Fair,Cobbin,fcobbincp@seesaa.net,Male
459,Shurwood,Manass,smanasscq@cargocollective.com,Male
460,Rudie,O'Keeffe,rokeeffecr@ibm.com,Male
461,Trueman,Estick,testickcs@livejournal.com,Male
462,Cristin,Chestnut,cchestnutct@intel.com,Female
463,Veronike,Leppard,vleppardcu@tiny.cc,Female
464,Leisha,McBlain,lmcblaincv@businessinsider.com,Female
465,Jeanna,Plumstead,jplumsteadcw@typepad.com,Female
466,Elise,Snap,esnapcx@squarespace.com,Female
467,Selene,Scrace,sscracecy@hibu.com,Female
468,Amalita,Deetlof,adeetlofcz@infoseek.co.jp,Female
469,Yvonne,Rodder,yrodderd0@accuweather.com,Female
470,Ansell,Barling,abarlingd1@yelp.com,Male
471,Alverta,Emma,aemmad2@mac.com,Female
472,Kip,Schwander,kschwanderd3@networkadvertising.org,Male
473,Alexina,Philippon,aphilippond4@ca.gov,Female
474,Jacquenette,Grattan,jgrattand5@usda.gov,Female
475,Jewell,Minget,jmingetd6@cpanel.net,Female
476,Mufi,Sonier,msonierd7@time.com,Female
477,Korney,Crosham,kcroshamd8@google.com.hk,Female
478,Maryrose,Cruwys,mcruwysd9@tmall.com,Female
479,Karylin,Struther,kstrutherda@cornell.edu,Female
480,Kalila,Preble,kprebledb@indiatimes.com,Female
481,Lishe,Youngman,lyoungmandc@bbc.co.uk,Female
482,Dalston,Gerbl,dgerbldd@theglobeandmail.com,Male
483,Ethelyn,Rippon,eripponde@walmart.com,Female
484,Hogan,Reeve,hreevedf@smh.com.au,Male
485,Grethel,Fayre,gfayredg@vimeo.com,Female
486,Shelli,Ashwood,sashwooddh@jalbum.net,Female
487,Flo,Braidman,fbraidmandi@alibaba.com,Female
488,Mose,Figures,mfiguresdj@delicious.com,Male
489,Kaylil,Meir,kmeirdk@icq.com,Female
490,Che,Real,crealdl@whitehouse.gov,Male
491,Quentin,Rulten,qrultendm@bloglines.com,Male
492,Jonathan,Ovill,jovilldn@myspace.com,Male
493,Ruth,Henken,rhenkendo@nature.com,Female
494,Gustave,Cadogan,gcadogandp@qq.com,Male
495,Clarie,Wren,cwrendq@fastcompany.com,Female
496,Hansiain,McGeorge,hmcgeorgedr@sakura.ne.jp,Male
497,Emlynne,Lorrain,elorrainds@tuttocitta.it,Female
498,Martguerita,Delacroix,mdelacroixdt@tripod.com,Female
499,Russell,Rayne,rraynedu@surveymonkey.com,Male
500,Ingeberg,Fancutt,ifancuttdv@squidoo.com,Female
501,Durante,Lievesley,dlievesleydw@jiathis.com,Male
502,Krishnah,Bagnal,kbagnaldx@noaa.gov,Male
503,Gert,Druce,gdrucedy@epa.gov,Female
504,Emery,Pien,epiendz@smh.com.au,Male
505,Johnny,Cabel,jcabele0@mit.edu,Male
506,Dario,Bolderstone,dbolderstonee1@mysql.com,Male
507,Christi,Elacoate,celacoatee2@paginegialle.it,Female
508,Peta,Gartrell,pgartrelle3@un.org,Female
509,Sigismundo,Jonah,sjonahe4@indiatimes.com,Male
510,Barrie,Stollenberg,bstollenberge5@wsj.com,Female
511,Billie,Dankersley,bdankersleye6@google.de,Female
512,Bryce,Van Castele,bvancastelee7@w3.org,Male
513,Aube,Knibley,aknibleye8@eepurl.com,Male
514,Welbie,Ramard,wramarde9@berkeley.edu,Male
515,Roderic,Butt Gow,rbuttgowea@lulu.com,Male
516,Alastair,Scholl,ascholleb@163.com,Male
517,Antonie,Beetham,abeethamec@github.com,Female
518,Lacie,Little,llittleed@phoca.cz,Female
519,Skippy,Lomen,slomenee@huffingtonpost.com,Male
520,Raddie,Eton,retonef@google.de,Male
521,Anestassia,Switzer,aswitzereg@wordpress.org,Female
522,Lance,Rattenbury,lrattenburyeh@youtu.be,Male
523,Paulita,McAneny,pmcanenyei@msn.com,Female
524,Fletcher,Glanz,fglanzej@infoseek.co.jp,Male
525,Alasdair,Dowson,adowsonek@nationalgeographic.com,Male
526,Lewes,Gorvin,lgorvinel@newyorker.com,Male
527,Kris,Pover,kpoverem@go.com,Male
528,Corine,Varvara,cvarvaraen@sourceforge.net,Female
529,Domeniga,Talman,dtalmaneo@pbs.org,Female
530,Beilul,Piesold,bpiesoldep@dot.gov,Female
531,Aldis,Bednall,abednalleq@xinhuanet.com,Male
532,Elsi,Kite,ekiteer@purevolume.com,Female
533,Horst,Bogey,hbogeyes@geocities.jp,Male
534,Myrah,Matantsev,mmatantsevet@google.co.jp,Female
535,Karlee,Bilborough,kbilborougheu@soup.io,Female
536,Ravi,Mifflin,rmifflinev@mail.ru,Male
537,Terrence,Gerritsma,tgerritsmaew@cbslocal.com,Male
538,Dar,Ciabatteri,dciabatteriex@xinhuanet.com,Male
539,Danya,Uzielli,duzielliey@google.cn,Female
540,Silvana,Pighills,spighillsez@un.org,Female
541,Bronny,Hutchcraft,bhutchcraftf0@reference.com,Male
542,Whitney,Heeks,wheeksf1@statcounter.com,Male
543,Niki,Guillford,nguillfordf2@bluehost.com,Male
544,Gib,Laise,glaisef3@weibo.com,Male
545,Deanne,Syddon,dsyddonf4@youtube.com,Female
546,Malena,Paulucci,mpauluccif5@livejournal.com,Female
547,Beilul,Crackett,bcrackettf6@aboutads.info,Female
548,Cristina,Kitter,ckitterf7@omniture.com,Female
549,Granny,Ord,gordf8@squarespace.com,Male
550,Glori,Willmott,gwillmottf9@tamu.edu,Female
551,Drusi,McAllaster,dmcallasterfa@hc360.com,Female
552,Guy,Crofts,gcroftsfb@go.com,Male
553,Darya,Brakespear,dbrakespearfc@4shared.com,Female
554,Jarrod,O'Dee,jodeefd@princeton.edu,Male
555,Victoria,Game,vgamefe@msu.edu,Female
556,Ofella,Pallister,opallisterff@irs.gov,Female
557,Mordy,Cantera,mcanterafg@themeforest.net,Male
558,Matthieu,Ostridge,mostridgefh@nsw.gov.au,Male
559,Vivie,Maass,vmaassfi@biblegateway.com,Female
560,Chick,Stapforth,cstapforthfj@go.com,Male
561,Shawn,Eake,seakefk@taobao.com,Female
562,Izzy,Kopps,ikoppsfl@tamu.edu,Male
563,Elbertina,Zanotti,ezanottifm@soup.io,Female
564,Wileen,Pauls,wpaulsfn@mysql.com,Female
565,Alberik,Elt,aeltfo@miibeian.gov.cn,Male
566,Garry,Sharple,gsharplefp@toplist.cz,Male
567,Ianthe,Tiffany,itiffanyfq@networksolutions.com,Female
568,Nathaniel,Blayd,nblaydfr@usnews.com,Male
569,Quintilla,Bummfrey,qbummfreyfs@twitter.com,Female
570,Jock,Bingham,jbinghamft@yandex.ru,Male
571,Byrom,Gilbard,bgilbardfu@amazon.co.uk,Male
572,Dare,Labroue,dlabrouefv@squarespace.com,Male
573,Devland,Hoyes,dhoyesfw@netvibes.com,Male
574,Fred,Gemelli,fgemellifx@photobucket.com,Male
575,Ange,Burges,aburgesfy@unblog.fr,Female
576,Luis,Shilstone,lshilstonefz@ezinearticles.com,Male
577,Evan,Bysaker,ebysakerg0@marriott.com,Male
578,Towny,McGlaud,tmcglaudg1@xrea.com,Male
579,Levon,Covendon,lcovendong2@vinaora.com,Male
580,Flint,Carlan,fcarlang3@bloomberg.com,Male
581,Dreddy,Cockrill,dcockrillg4@admin.ch,Female
582,Mora,Molloy,mmolloyg5@ycombinator.com,Female
583,Karyn,Shimmans,kshimmansg6@howstuffworks.com,Female
584,Joni,Marsay,jmarsayg7@livejournal.com,Female
585,Aluin,Lindblom,alindblomg8@state.tx.us,Male
586,Kassandra,Margiotta,kmargiottag9@qq.com,Female
587,Katine,Bigrigg,kbigriggga@irs.gov,Female
588,Stearn,Fitt,sfittgb@sina.com.cn,Male
589,Delores,Carver,dcarvergc@google.com,Female
590,Bliss,Letcher,bletchergd@china.com.cn,Female
591,Ivar,Quick,iquickge@businessinsider.com,Male
592,Joyous,Levis,jlevisgf@ovh.net,Female
593,Clemmy,Gaythorpe,cgaythorpegg@constantcontact.com,Female
594,Lenette,Annis,lannisgh@cnet.com,Female
595,Kerry,Nell,knellgi@tamu.edu,Female
596,Rahel,Gendricke,rgendrickegj@amazon.co.jp,Female
597,Budd,Spittles,bspittlesgk@theatlantic.com,Male
598,Drud,Killick,dkillickgl@go.com,Male
599,Padgett,Eccleshare,pecclesharegm@themeforest.net,Male
600,Vitoria,Cudmore,vcudmoregn@mtv.com,Female
601,Kalli,Wulfinger,kwulfingergo@marriott.com,Female
602,Adrien,Dik,adikgp@comsenz.com,Male
603,Kent,Musto,kmustogq@php.net,Male
604,Meier,Giottoi,mgiottoigr@de.vu,Male
605,Felecia,Altamirano,faltamiranogs@hexun.com,Female
606,Uri,Cramp,ucrampgt@washingtonpost.com,Male
607,Prentiss,Di Roberto,pdirobertogu@zimbio.com,Male
608,Nady,Blazhevich,nblazhevichgv@theatlantic.com,Female
609,Revkah,Sonier,rsoniergw@salon.com,Female
610,Gusella,Carress,gcarressgx@dailymail.co.uk,Female
611,Wakefield,De Few,wdefewgy@artisteer.com,Male
612,Aubrey,Quest,aquestgz@elpais.com,Male
613,Jerrilyn,Douglass,jdouglassh0@meetup.com,Female
614,Thomasina,Lening,tleningh1@deliciousdays.com,Female
615,Lucais,Geekie,lgeekieh2@wired.com,Male
616,Gillian,Keelin,gkeelinh3@cbslocal.com,Female
617,Brear,Greendale,bgreendaleh4@jugem.jp,Female
618,Roana,Pattillo,rpattilloh5@jimdo.com,Female
619,Cornell,Pyke,cpykeh6@studiopress.com,Male
620,Freddy,Calloway,fcallowayh7@webmd.com,Male
621,Selig,Pedrielli,spedriellih8@goo.ne.jp,Male
622,Shana,Jakeway,sjakewayh9@blog.com,Female
623,Norah,Burling,nburlingha@zimbio.com,Female
624,Celle,Ivie,civiehb@mozilla.com,Female
625,Gerti,Jurs,gjurshc@twitpic.com,Female
626,Shara,Syphas,ssyphashd@posterous.com,Female
627,Wiatt,Vankov,wvankovhe@1688.com,Male
628,Vernon,Kernocke,vkernockehf@amazon.de,Male
629,Rakel,Jelkes,rjelkeshg@freewebs.com,Female
630,Nikolia,Matussow,nmatussowhh@drupal.org,Female
631,Chancey,Cabena,ccabenahi@imageshack.us,Male
632,Roosevelt,Blaber,rblaberhj@dmoz.org,Male
633,Page,Tarborn,ptarbornhk@toplist.cz,Male
634,Free,Klimkowski,fklimkowskihl@wikipedia.org,Male
635,Hurleigh,Bowkley,hbowkleyhm@ebay.co.uk,Male
636,Raviv,Patching,rpatchinghn@aboutads.info,Male
637,Kincaid,Kernar,kkernarho@csmonitor.com,Male
638,Ferris,Garratt,fgarratthp@hhs.gov,Male
639,Alvina,Kobus,akobushq@bravesites.com,Female
640,Juliann,Mustill,jmustillhr@mozilla.com,Female
641,Odelinda,Sayse,osaysehs@flickr.com,Female
642,Rudyard,Spawforth,rspawforthht@twitter.com,Male
643,Dal,Hofer,dhoferhu@list-manage.com,Male
644,Cosimo,Friatt,cfriatthv@nature.com,Male
645,Sutherland,Meriguet,smeriguethw@google.fr,Male
646,Juana,Czajkowski,jczajkowskihx@nih.gov,Female
647,Gabe,Gammill,ggammillhy@harvard.edu,Male
648,Alwin,Steffens,asteffenshz@blogspot.com,Male
649,Aubert,O'Dowd,aodowdi0@example.com,Male
650,Derward,Clemmens,dclemmensi1@yelp.com,Male
651,Cori,Godfray,cgodfrayi2@about.me,Male
652,Faydra,McSkeagan,fmcskeagani3@timesonline.co.uk,Female
653,Nathaniel,Donke,ndonkei4@slashdot.org,Male
654,Almeria,Wilkes,awilkesi5@wordpress.com,Female
655,Haywood,Winsome,hwinsomei6@sitemeter.com,Male
656,Xavier,Vanner,xvanneri7@printfriendly.com,Male
657,Alena,Schuh,aschuhi8@marriott.com,Female
658,Mordy,Jagoe,mjagoei9@scribd.com,Male
659,Fowler,Hathorn,fhathornia@wired.com,Male
660,Ethel,Sowood,esowoodib@is.gd,Female
661,Carolyn,Vickery,cvickeryic@aboutads.info,Female
662,Lilli,Jorden,ljordenid@homestead.com,Female
663,Barri,Foottit,bfoottitie@theglobeandmail.com,Male
664,Willetta,Kleine,wkleineif@ft.com,Female
665,Pablo,Fraser,pfraserig@oracle.com,Male
666,Lurleen,Ledgeway,lledgewayih@google.ca,Female
667,Layne,Shavel,lshavelii@stumbleupon.com,Female
668,Cecilius,Edison,cedisonij@independent.co.uk,Male
669,Fifine,McAllister,fmcallisterik@bloglines.com,Female
670,Alon,Frane,afraneil@4shared.com,Male
671,Jacquenette,Morrel,jmorrelim@spiegel.de,Female
672,Stanwood,Szymanski,sszymanskiin@wikispaces.com,Male
673,Colman,Gallandre,cgallandreio@xinhuanet.com,Male
674,Onfre,Neilan,oneilanip@engadget.com,Male
675,Nealson,Van den Hof,nvandenhofiq@ezinearticles.com,Male
676,Kile,Pendry,kpendryir@gmpg.org,Male
677,Averell,Gleadhall,agleadhallis@godaddy.com,Male
678,Aharon,Chellam,achellamit@yolasite.com,Male
679,Grove,Cotter,gcotteriu@lulu.com,Male
680,Keir,Hartmann,khartmanniv@feedburner.com,Male
681,Tedi,Beames,tbeamesiw@pen.io,Female
682,Shandie,Gauche,sgaucheix@macromedia.com,Female
683,Boy,Sellars,bsellarsiy@etsy.com,Male
684,Maxim,Bessell,mbesselliz@de.vu,Male
685,Katherine,Jardine,kjardinej0@wufoo.com,Female
686,Stephan,Woodcroft,swoodcroftj1@state.gov,Male
687,Terri,Barbie,tbarbiej2@auda.org.au,Male
688,Adolpho,Johnston,ajohnstonj3@prlog.org,Male
689,Derril,Karmel,dkarmelj4@over-blog.com,Male
690,Esdras,Cady,ecadyj5@ovh.net,Male
691,Kennett,Frankel,kfrankelj6@guardian.co.uk,Male
692,Barbi,Cubbini,bcubbinij7@cornell.edu,Female
693,Odell,Apperley,oapperleyj8@oaic.gov.au,Male
694,Wildon,Seater,wseaterj9@e-recht24.de,Male
695,Sullivan,Narraway,snarrawayja@github.com,Male
696,Jaime,Straine,jstrainejb@imdb.com,Male
697,Giselle,Henighan,ghenighanjc@utexas.edu,Female
698,Rosalind,McClarence,rmcclarencejd@oaic.gov.au,Female
699,Aldo,Scotland,ascotlandje@reddit.com,Male
700,Sylvan,Megahey,smegaheyjf@eepurl.com,Male
701,Anders,Gimblett,agimblettjg@google.co.uk,Male
702,Andeee,Gillard,agillardjh@accuweather.com,Female
703,Charmaine,Mustchin,cmustchinji@google.com.br,Female
704,Peyter,Ouchterlony,pouchterlonyjj@edublogs.org,Male
705,Lennard,McKendry,lmckendryjk@indiatimes.com,Male
706,Oriana,Core,ocorejl@miibeian.gov.cn,Female
707,Kenon,Hanscombe,khanscombejm@spiegel.de,Male
708,Carey,Gavigan,cgaviganjn@twitpic.com,Male
709,Milton,Rigney,mrigneyjo@elpais.com,Male
710,Farica,Steanyng,fsteanyngjp@ihg.com,Female
711,Keely,Van der Velde,kvanderveldejq@wikimedia.org,Female
712,Irvine,Hazelgrove,ihazelgrovejr@merriam-webster.com,Male
713,Anatollo,Bernier,abernierjs@bbb.org,Male
714,Welby,Leimster,wleimsterjt@homestead.com,Male
715,Kassie,Sherwood,ksherwoodju@amazon.co.uk,Female
716,Vinita,Serle,vserlejv@seesaa.net,Female
717,Willi,Mathelin,wmathelinjw@purevolume.com,Female
718,Irwin,Pole,ipolejx@pbs.org,Male
719,Mordy,Rickeard,mrickeardjy@de.vu,Male
720,Kevina,Capponer,kcapponerjz@studiopress.com,Female
721,Rourke,Sextie,rsextiek0@cdbaby.com,Male
722,Kermy,Berresford,kberresfordk1@harvard.edu,Male
723,Terra,Doumic,tdoumick2@youtu.be,Female
724,Emmott,Ivanikhin,eivanikhink3@bigcartel.com,Male
725,Hendrika,Fursland,hfurslandk4@rakuten.co.jp,Female
726,Darbie,McGarrell,dmcgarrellk5@stanford.edu,Female
727,Burnaby,Sunderland,bsunderlandk6@homestead.com,Male
728,Sheilakathryn,Domleo,sdomleok7@tinypic.com,Female
729,Odetta,Oneile,ooneilek8@ustream.tv,Female
730,Eugen,Bortol,ebortolk9@opera.com,Male
731,Reece,Crichley,rcrichleyka@delicious.com,Male
732,Eugene,Syvret,esyvretkb@noaa.gov,Male
733,Clarance,Kidgell,ckidgellkc@kickstarter.com,Male
734,Madlen,McVicar,mmcvicarkd@diigo.com,Female
735,Analise,Huikerby,ahuikerbyke@va.gov,Female
736,Dalli,Ambrogio,dambrogiokf@china.com.cn,Male
737,Damita,Hayne,dhaynekg@yahoo.com,Female
738,Ebonee,Strute,estrutekh@acquirethisname.com,Female
739,Miranda,Lamas,mlamaski@jugem.jp,Female
740,Whitman,Knapman,wknapmankj@photobucket.com,Male
741,Vaclav,Eddisford,veddisfordkk@nifty.com,Male
742,Brynn,Avard,bavardkl@fda.gov,Female
743,Benni,Rushbrooke,brushbrookekm@un.org,Female
744,Sherlocke,McKaile,smckailekn@canalblog.com,Male
745,Loria,Slowcock,lslowcockko@deliciousdays.com,Female
746,Gifford,McInnes,gmcinneskp@slashdot.org,Male
747,Harlie,Magne,hmagnekq@nydailynews.com,Female
748,Carina,Antcliffe,cantcliffekr@npr.org,Female
749,Ellen,Peakman,epeakmanks@latimes.com,Female
750,Bridie,Pancast,bpancastkt@shutterfly.com,Female
751,Jessie,Wilman,jwilmanku@rakuten.co.jp,Female
752,Audie,Brugemann,abrugemannkv@miibeian.gov.cn,Female
753,Felizio,Gilbeart,fgilbeartkw@gmpg.org,Male
754,Orsa,McCurry,omccurrykx@ovh.net,Female
755,Constantino,Lea,cleaky@purevolume.com,Male
756,Merry,Whitty,mwhittykz@artisteer.com,Male
757,Alethea,Meddemmen,ameddemmenl0@unicef.org,Female
758,Christopher,Melloy,cmelloyl1@hatena.ne.jp,Male
759,Kathe,Hailwood,khailwoodl2@oracle.com,Female
760,Audy,Pisculli,apiscullil3@meetup.com,Female
761,Casi,Vakhonin,cvakhoninl4@desdev.cn,Female
762,Gordy,Aldritt,galdrittl5@phoca.cz,Male
763,Dori,Bareford,dbarefordl6@nhs.uk,Female
764,Sal,Badger,sbadgerl7@pcworld.com,Male
765,Eleanor,Lapwood,elapwoodl8@w3.org,Female
766,Bess,Danneil,bdanneill9@marketwatch.com,Female
767,Josy,Hairesnape,jhairesnapela@usgs.gov,Female
768,Ferdie,Kiellor,fkiellorlb@mayoclinic.com,Male
769,Anetta,Hasser,ahasserlc@techcrunch.com,Female
770,Tymothy,Nijs,tnijsld@diigo.com,Male
771,Puff,McNuff,pmcnuffle@macromedia.com,Male
772,Foss,Richemond,frichemondlf@shop-pro.jp,Male
773,Michael,Doudny,mdoudnylg@blog.com,Male
774,Willy,Brok,wbroklh@people.com.cn,Male
775,Alfons,Keese,akeeseli@indiegogo.com,Male
776,Marcia,Nardi,mnardilj@youtube.com,Female
777,Cornelius,Laidel,claidellk@instagram.com,Male
778,Andriana,Surgison,asurgisonll@fda.gov,Female
779,Haley,Gwilym,hgwilymlm@soup.io,Male
780,Allistir,McRitchie,amcritchieln@ca.gov,Male
781,Jaclyn,Feak,jfeaklo@bloomberg.com,Female
782,Jerald,Angrock,jangrocklp@unesco.org,Male
783,Arlinda,Khilkov,akhilkovlq@eventbrite.com,Female
784,Bartholomew,Rose,broselr@oracle.com,Male
785,Katey,Ghirigori,kghirigorils@indiegogo.com,Female
786,Ardath,Wyett,awyettlt@usgs.gov,Female
787,Abner,Pollok,apolloklu@cafepress.com,Male
788,Bary,Binden,bbindenlv@cdc.gov,Male
789,Ave,Sorsbie,asorsbielw@cbc.ca,Male
790,Berne,Vignal,bvignallx@unicef.org,Male
791,Fancy,Brasseur,fbrasseurly@cisco.com,Female
792,Fin,Anstice,fansticelz@cargocollective.com,Male
793,Netty,Matuszynski,nmatuszynskim0@taobao.com,Female
794,Leeanne,Dysert,ldysertm1@nyu.edu,Female
795,Susannah,Strowger,sstrowgerm2@zimbio.com,Female
796,Shae,Churchouse,schurchousem3@w3.org,Female
797,Flo,Summerscales,fsummerscalesm4@rambler.ru,Female
798,Cristiano,Drissell,cdrissellm5@vimeo.com,Male
799,Feliza,Semeniuk,fsemeniukm6@t.co,Female
800,Doll,Tomasino,dtomasinom7@opera.com,Female
801,Gregg,Gowing,ggowingm8@livejournal.com,Male
802,Emery,Brine,ebrinem9@example.com,Male
803,Reginald,Berzin,rberzinma@mapquest.com,Male
804,Ferd,Le Monnier,flemonniermb@bbb.org,Male
805,Marta,Dallosso,mdallossomc@howstuffworks.com,Female
806,Shurwood,Tetsall,stetsallmd@stumbleupon.com,Male
807,Claiborne,Lightoller,clightollerme@ovh.net,Male
808,Tyson,Georges,tgeorgesmf@typepad.com,Male
809,Bellina,Halpen,bhalpenmg@google.com.br,Female
810,Maury,Kingstne,mkingstnemh@paginegialle.it,Male
811,Nadia,Beaford,nbeafordmi@un.org,Female
812,Nannie,Applewhite,napplewhitemj@cam.ac.uk,Female
813,Tris,Tinmouth,ttinmouthmk@cocolog-nifty.com,Male
814,Elwyn,Melton,emeltonml@dagondesign.com,Male
815,Alf,Fideler,afidelermm@cdbaby.com,Male
816,Hugo,Neasam,hneasammn@discuz.net,Male
817,Robinet,Tamburo,rtamburomo@si.edu,Female
818,Guido,Dradey,gdradeymp@globo.com,Male
819,Lorinda,Peyto,lpeytomq@stanford.edu,Female
820,Kearney,Farnfield,kfarnfieldmr@nih.gov,Male
821,Joye,Hurdle,jhurdlems@hp.com,Female
822,Gideon,Wrates,gwratesmt@github.com,Male
823,Brant,Crossgrove,bcrossgrovemu@privacy.gov.au,Male
824,Rhys,Fawley,rfawleymv@patch.com,Male
825,Carroll,Cowin,ccowinmw@ca.gov,Male
826,Bibby,Killingworth,bkillingworthmx@t.co,Female
827,Tracey,Frostdick,tfrostdickmy@cargocollective.com,Male
828,Ethel,Eick,eeickmz@geocities.jp,Female
829,Wiley,Grayley,wgrayleyn0@usgs.gov,Male
830,Amby,Reolfi,areolfin1@g.co,Male
831,Mateo,Aiskovitch,maiskovitchn2@sfgate.com,Male
832,Myrvyn,Hurrion,mhurrionn3@google.ru,Male
833,Billy,Matzkaitis,bmatzkaitisn4@redcross.org,Female
834,Babara,Hudleston,bhudlestonn5@cnet.com,Female
835,Asia,Jelphs,ajelphsn6@hubpages.com,Female
836,Isabel,Barsham,ibarshamn7@google.com.au,Female
837,Katherina,Sandercock,ksandercockn8@rakuten.co.jp,Female
838,Milt,Whitelaw,mwhitelawn9@digg.com,Male
839,Thacher,O' Meara,tomearana@go.com,Male
840,Connie,Beilby,cbeilbynb@cbsnews.com,Male
841,Adolf,Prichet,aprichetnc@craigslist.org,Male
842,Carilyn,Flewan,cflewannd@about.com,Female
843,Bernelle,Romke,bromkene@utexas.edu,Female
844,Maria,Phipp,mphippnf@cpanel.net,Female
845,Beck,Tumility,btumilityng@jigsy.com,Male
846,Ingar,O' Byrne,iobyrnenh@yelp.com,Male
847,Elwira,Lakin,elakinni@nhs.uk,Female
848,Sylvan,Twentyman,stwentymannj@github.io,Male
849,Rubin,Allso,rallsonk@posterous.com,Male
850,Eleonora,McLice,emclicenl@wikispaces.com,Female
851,Georgia,Luckman,gluckmannm@etsy.com,Female
852,Tiertza,Ebhardt,tebhardtnn@nationalgeographic.com,Female
853,Julius,Roocroft,jroocroftno@webeden.co.uk,Male
854,Evelin,Renzullo,erenzullonp@icq.com,Male
855,Isa,Jacobovitz,ijacobovitznq@army.mil,Female
856,Lori,Fletcher,lfletchernr@narod.ru,Female
857,Alejandro,Ballister,aballisterns@unesco.org,Male
858,Finlay,Whitta,fwhittant@illinois.edu,Male
859,Bendite,Garshore,bgarshorenu@baidu.com,Female
860,Paddy,Arangy,parangynv@cdc.gov,Male
861,Cecily,Sulman,csulmannw@ebay.com,Female
862,Cecily,Workes,cworkesnx@sphinn.com,Female
863,Ashby,Dowdall,adowdallny@friendfeed.com,Male
864,Spike,Coneron,sconeronnz@prlog.org,Male
865,Tanny,Blything,tblythingo0@stumbleupon.com,Male
866,Hettie,Janicek,hjaniceko1@slideshare.net,Female
867,Charlie,Rosingdall,crosingdallo2@mapquest.com,Male
868,Steve,Massimo,smassimoo3@indiegogo.com,Male
869,Tony,Olifard,tolifardo4@sphinn.com,Female
870,Ian,Arrowsmith,iarrowsmitho5@google.co.jp,Male
871,Wenonah,Stagg,wstaggo6@a8.net,Female
872,Tawsha,Bladesmith,tbladesmitho7@deviantart.com,Female
873,Penelope,Ingleston,pinglestono8@oakley.com,Female
874,Darwin,Nockles,dnockleso9@uol.com.br,Male
875,Ignacio,McGrayle,imcgrayleoa@home.pl,Male
876,Jori,Adlard,jadlardob@yale.edu,Female
877,Berta,Chubb,bchubboc@mayoclinic.com,Female
878,Darbie,Burghall,dburghallod@indiegogo.com,Female
879,Edouard,Gowrie,egowrieoe@ucoz.ru,Male
880,Siobhan,Silbert,ssilbertof@hibu.com,Female
881,Bartholomeus,Russel,brusselog@npr.org,Male
882,Petrina,Scipsey,pscipseyoh@prlog.org,Female
883,Rodie,Noblett,rnoblettoi@friendfeed.com,Female
884,Derril,Whayman,dwhaymanoj@sciencedirect.com,Male
885,Reggy,Veldman,rveldmanok@slashdot.org,Male
886,Gilly,Georgiev,ggeorgievol@hubpages.com,Female
887,Hart,Lincoln,hlincolnom@histats.com,Male
888,Iolanthe,Yurkevich,iyurkevichon@webs.com,Female
889,Berthe,Olenchenko,bolenchenkooo@tumblr.com,Female
890,Torre,De Lacey,tdelaceyop@addthis.com,Male
891,Witty,Galbraeth,wgalbraethoq@un.org,Male
892,Lamont,Pound,lpoundor@wsj.com,Male
893,Hollis,Stocks,hstocksos@liveinternet.ru,Male
894,Michal,Zecchi,mzecchiot@umn.edu,Male
895,Elise,Pinshon,epinshonou@is.gd,Female
896,Enrichetta,Lowden,elowdenov@microsoft.com,Female
897,Vinnie,Groven,vgrovenow@macromedia.com,Male
898,Elbert,Agate,eagateox@who.int,Male
899,Ronny,Domoni,rdomonioy@xing.com,Female
900,Terra,Vedstra,tvedstraoz@rediff.com,Female
901,Aeriel,Mundie,amundiep0@fotki.com,Female
902,Nelle,Farrant,nfarrantp1@dropbox.com,Female
903,Nick,Rimour,nrimourp2@npr.org,Male
904,Fara,Bogays,fbogaysp3@umn.edu,Female
905,Flemming,Gartrell,fgartrellp4@salon.com,Male
906,El,Dunphie,edunphiep5@ed.gov,Male
907,Garald,Toothill,gtoothillp6@webmd.com,Male
908,Garner,Parkhouse,gparkhousep7@ihg.com,Male
909,Barnett,Holtaway,bholtawayp8@mayoclinic.com,Male
910,Solomon,Carbett,scarbettp9@dailymotion.com,Male
911,Gaby,Janecek,gjanecekpa@ameblo.jp,Male
912,Doro,Cringle,dcringlepb@opera.com,Female
913,Wesley,Brandle,wbrandlepc@eepurl.com,Male
914,Katha,Nossent,knossentpd@ca.gov,Female
915,Dayna,Frick,dfrickpe@wordpress.com,Female
916,Fremont,Campes,fcampespf@uol.com.br,Male
917,Sioux,Stanion,sstanionpg@mashable.com,Female
918,Tricia,Elintune,telintuneph@livejournal.com,Female
919,Dorry,Sikorski,dsikorskipi@printfriendly.com,Female
920,Fanechka,Cammomile,fcammomilepj@loc.gov,Female
921,Beaufort,Cockman,bcockmanpk@parallels.com,Male
922,Silvanus,Faulkner,sfaulknerpl@upenn.edu,Male
923,Adelina,Merrilees,amerrileespm@opensource.org,Female
924,Brennen,Paddell,bpaddellpn@angelfire.com,Male
925,Kata,McIsaac,kmcisaacpo@facebook.com,Female
926,Livvyy,Faustian,lfaustianpp@about.com,Female
927,Erda,McGilroy,emcgilroypq@chronoengine.com,Female
928,Tony,Rapo,trapopr@photobucket.com,Male
929,Van,Vitte,vvitteps@tripadvisor.com,Female
930,Jemimah,Sirman,jsirmanpt@bloglines.com,Female
931,Johannes,Albers,jalberspu@liveinternet.ru,Male
932,Boote,Brinsford,bbrinsfordpv@wsj.com,Male
933,Siward,Rodenburg,srodenburgpw@tripadvisor.com,Male
934,Virgil,Garmanson,vgarmansonpx@shinystat.com,Male
935,Colleen,Anstee,cansteepy@dyndns.org,Female
936,Conny,Varren,cvarrenpz@dagondesign.com,Male
937,Thornton,Harse,tharseq0@reuters.com,Male
938,Pennie,Haslehurst,phaslehurstq1@shareasale.com,Male
939,Etheline,Garralts,egarraltsq2@chronoengine.com,Female
940,Matilde,Mostyn,mmostynq3@diigo.com,Female
941,Celina,Danbi,cdanbiq4@yellowpages.com,Female
942,Rodd,Ketteringham,rketteringhamq5@1und1.de,Male
943,Manny,Bartolommeo,mbartolommeoq6@jiathis.com,Male
944,Eward,Ceaser,eceaserq7@foxnews.com,Male
945,Lura,Trevarthen,ltrevarthenq8@github.io,Female
946,Melisent,Kretchmer,mkretchmerq9@hhs.gov,Female
947,Meade,Champniss,mchampnissqa@bloomberg.com,Male
948,Emmett,Pree,epreeqb@cloudflare.com,Male
949,Hestia,Werrit,hwerritqc@si.edu,Female
950,Devina,Finlay,dfinlayqd@washingtonpost.com,Female
951,Cher,Iacobucci,ciacobucciqe@ucla.edu,Female
952,Jennilee,Hendrik,jhendrikqf@prlog.org,Female
953,Mallory,Adlard,madlardqg@biblegateway.com,Male
954,Vilhelmina,Hatrey,vhatreyqh@last.fm,Female
955,Guntar,Tolle,gtolleqi@a8.net,Male
956,Davin,Roake,droakeqj@imdb.com,Male
957,Brandtr,Biesinger,bbiesingerqk@ucla.edu,Male
958,Niccolo,Plumridege,nplumridegeql@webmd.com,Male
959,Boycie,Oldmeadow,boldmeadowqm@nifty.com,Male
960,Ewell,Jickles,ejicklesqn@cnn.com,Male
961,Lynsey,Mablestone,lmablestoneqo@yolasite.com,Female
962,Prescott,Assur,passurqp@europa.eu,Male
963,Cecilla,Bellenie,cbellenieqq@altervista.org,Female
964,Bertina,MacCague,bmaccagueqr@webeden.co.uk,Female
965,Timmy,Jervoise,tjervoiseqs@dailymail.co.uk,Female
966,Vassily,Rulton,vrultonqt@arizona.edu,Male
967,Ulrich,Deveraux,udeverauxqu@europa.eu,Male
968,Dorris,Furlong,dfurlongqv@liveinternet.ru,Female
969,Virgina,Daintree,vdaintreeqw@123-reg.co.uk,Female
970,Conroy,Casone,ccasoneqx@imdb.com,Male
971,Audre,Yockley,ayockleyqy@wufoo.com,Female
972,Flory,Mollnar,fmollnarqz@boston.com,Male
973,Lyndsay,McClinton,lmcclintonr0@army.mil,Female
974,Orrin,Birchenough,obirchenoughr1@japanpost.jp,Male
975,Morten,Enderwick,menderwickr2@com.com,Male
976,Kaspar,Glasgow,kglasgowr3@paypal.com,Male
977,Eldin,Bilovsky,ebilovskyr4@sogou.com,Male
978,Camel,MacNeely,cmacneelyr5@youtu.be,Female
979,Bevan,Vanni,bvannir6@illinois.edu,Male
980,Garner,Fursland,gfurslandr7@independent.co.uk,Male
981,Angelo,Gosforth,agosforthr8@dmoz.org,Male
982,Brent,Jaques,bjaquesr9@businessweek.com,Male
983,Nesta,Shirland,nshirlandra@oakley.com,Female
984,Raye,Klouz,rklouzrb@independent.co.uk,Female
985,Kirbie,Sauvage,ksauvagerc@taobao.com,Female
986,Danielle,Rowbottam,drowbottamrd@tmall.com,Female
987,Bryn,Heathfield,bheathfieldre@google.com.hk,Female
988,Hyacinthia,Realy,hrealyrf@soup.io,Female
989,Emmet,Lloyd,elloydrg@time.com,Male
990,Clarence,Canape,ccanaperh@w3.org,Male
991,Daryle,Rollinshaw,drollinshawri@senate.gov,Male
992,Stan,Mannakee,smannakeerj@shutterfly.com,Male
993,Tarrah,Gawith,tgawithrk@reference.com,Female
994,Brucie,Feldbaum,bfeldbaumrl@lulu.com,Male
995,George,Soots,gsootsrm@furl.net,Male
996,Karlan,Gooday,kgoodayrn@tumblr.com,Male
997,Katharina,Demongeot,kdemongeotro@pbs.org,Female
998,Gae,Shurrocks,gshurrocksrp@xing.com,Female
999,Johnathon,Plowright,jplowrightrq@webmd.com,Male
1000,Boy,Ogilvie,bogilvierr@tuttocitta.it,Male
